Dataset,Classifier,Algorithm,Seed,ValidationFitness,Accuracy,Precision,Recall,F1,ROC_AUC,Features,SelectionRuntime,TestRuntime,SelectedFeatureNames,MaskFile,ConvergenceFile
breast,svm,PSO,0,0.012350877192982487,0.9824561403508771,1.0,0.9523809523809523,0.975609756097561,0.9930555555555556,11,2.3391435590001493,0.004846223999720678,"[""texture_mean"", ""concave points_mean"", ""symmetry_mean"", ""fractal_dimension_mean"", ""radius_se"", ""perimeter_se"", ""fractal_dimension_se"", ""texture_worst"", ""perimeter_worst"", ""area_worst"", ""concavity_worst""]",results/final/artifacts/breast__svm__pso__seed0__mask.npy,results/final/artifacts/breast__svm__pso__seed0__convergence.npy
breast,svm,PSO,1,0.012017543859649153,0.9824561403508771,1.0,0.9523809523809523,0.975609756097561,0.9923941798941799,10,2.268914209000286,0.004768689000229642,"[""texture_mean"", ""perimeter_mean"", ""symmetry_mean"", ""smoothness_se"", ""compactness_se"", ""concavity_se"", ""radius_worst"", ""texture_worst"", ""perimeter_worst"", ""concavity_worst""]",results/final/artifacts/breast__svm__pso__seed1__mask.npy,results/final/artifacts/breast__svm__pso__seed1__convergence.npy
breast,svm,PSO,2,0.013684210526315821,0.9824561403508771,1.0,0.9523809523809523,0.975609756097561,0.9927248677248677,15,2.321817505999661,0.005518014000244875,"[""radius_mean"", ""perimeter_mean"", ""area_mean"", ""smoothness_mean"", ""compactness_mean"", ""texture_se"", ""smoothness_se"", ""compactness_se"", ""concave points_se"", ""radius_worst"", ""texture_worst"", ""perimeter_worst"", ""smoothness_worst"", ""concavity_worst"", ""concave points_worst""]",results/final/artifacts/breast__svm__pso__seed2__mask.npy,results/final/artifacts/breast__svm__pso__seed2__convergence.npy
breast,svm,PSO,3,0.02070175438596497,0.9736842105263158,1.0,0.9285714285714286,0.9629629629629629,0.9920634920634921,10,2.3129809929996554,0.004979400000138412,"[""perimeter_mean"", ""area_mean"", ""compactness_mean"", ""concave points_mean"", ""symmetry_mean"", ""radius_se"", ""perimeter_se"", ""radius_worst"", ""texture_worst"", ""concavity_worst""]",results/final/artifacts/breast__svm__pso__seed3__mask.npy,results/final/artifacts/breast__svm__pso__seed3__convergence.npy
breast,svm,PSO,4,0.012350877192982487,0.9736842105263158,1.0,0.9285714285714286,0.9629629629629629,0.9894179894179894,11,2.2827632070002437,0.004965608000020438,"[""area_mean"", ""compactness_mean"", ""concave points_mean"", ""fractal_dimension_mean"", ""smoothness_se"", ""compactness_se"", ""concavity_se"", ""concave points_se"", ""texture_worst"", ""concavity_worst"", ""concave points_worst""]",results/final/artifacts/breast__svm__pso__seed4__mask.npy,results/final/artifacts/breast__svm__pso__seed4__convergence.npy
breast,random_forest,PSO,0,0.030385964912280676,0.9736842105263158,1.0,0.9285714285714286,0.9629629629629629,0.9976851851851852,13,58.59546317000013,0.2665730009998697,"[""radius_mean"", ""perimeter_mean"", ""smoothness_mean"", ""compactness_mean"", ""symmetry_mean"", ""fractal_dimension_mean"", ""texture_se"", ""concavity_se"", ""radius_worst"", ""texture_worst"", ""smoothness_worst"", ""concave points_worst"", ""symmetry_worst""]",results/final/artifacts/breast__random_forest__pso__seed0__mask.npy,results/final/artifacts/breast__random_forest__pso__seed0__convergence.npy
breast,random_forest,PSO,1,0.021368421052631637,0.956140350877193,0.9743589743589743,0.9047619047619048,0.9382716049382716,0.990244708994709,12,56.733996411000135,0.2664913260000503,"[""texture_mean"", ""area_mean"", ""smoothness_mean"", ""concavity_mean"", ""symmetry_mean"", ""fractal_dimension_mean"", ""texture_se"", ""symmetry_se"", ""fractal_dimension_se"", ""texture_worst"", ""smoothness_worst"", ""concavity_worst""]",results/final/artifacts/breast__random_forest__pso__seed1__mask.npy,results/final/artifacts/breast__random_forest__pso__seed1__convergence.npy
breast,random_forest,PSO,2,0.03005263157894734,0.9473684210526315,1.0,0.8571428571428571,0.9230769230769231,0.9879298941798941,12,58.55369923799981,0.28591395300009026,"[""radius_mean"", ""texture_mean"", ""compactness_mean"", ""concave points_mean"", ""fractal_dimension_mean"", ""texture_se"", ""smoothness_se"", ""compactness_se"", ""texture_worst"", ""smoothness_worst"", ""concavity_worst"", ""fractal_dimension_worst""]",results/final/artifacts/breast__random_forest__pso__seed2__mask.npy,results/final/artifacts/breast__random_forest__pso__seed2__convergence.npy
breast,random_forest,PSO,3,0.021035087719298302,0.9298245614035088,0.9473684210526315,0.8571428571428571,0.9,0.9738756613756614,11,57.76679173699995,0.2694683299996541,"[""compactness_mean"", ""concavity_mean"", ""concave points_mean"", ""fractal_dimension_mean"", ""perimeter_se"", ""area_se"", ""texture_worst"", ""smoothness_worst"", ""compactness_worst"", ""concavity_worst"", ""symmetry_worst""]",results/final/artifacts/breast__random_forest__pso__seed3__mask.npy,results/final/artifacts/breast__random_forest__pso__seed3__convergence.npy
breast,random_forest,PSO,4,0.0200350877192983,0.956140350877193,0.9512195121951219,0.9285714285714286,0.9397590361445783,0.9935515873015873,8,56.905981291000444,0.254162357999121,"[""area_mean"", ""smoothness_mean"", ""fractal_dimension_mean"", ""texture_se"", ""smoothness_se"", ""texture_worst"", ""concavity_worst"", ""fractal_dimension_worst""]",results/final/artifacts/breast__random_forest__pso__seed4__mask.npy,results/final/artifacts/breast__random_forest__pso__seed4__convergence.npy
breast,xgboost,PSO,0,0.021035087719298302,0.9298245614035088,0.925,0.8809523809523809,0.9024390243902439,0.9861111111111112,11,20.62282163799955,0.08493361399996502,"[""perimeter_mean"", ""compactness_mean"", ""concave points_mean"", ""radius_se"", ""area_se"", ""compactness_se"", ""concavity_se"", ""symmetry_se"", ""concavity_worst"", ""concave points_worst"", ""fractal_dimension_worst""]",results/final/artifacts/breast__xgboost__pso__seed0__mask.npy,results/final/artifacts/breast__xgboost__pso__seed0__convergence.npy
breast,xgboost,PSO,1,0.021368421052631637,0.9824561403508771,0.9761904761904762,0.9761904761904762,0.9761904761904762,0.9920634920634921,12,20.353980967000098,0.08431392099919321,"[""perimeter_mean"", ""area_mean"", ""smoothness_mean"", ""compactness_mean"", ""concavity_mean"", ""symmetry_mean"", ""fractal_dimension_mean"", ""smoothness_se"", ""symmetry_se"", ""texture_worst"", ""area_worst"", ""symmetry_worst""]",results/final/artifacts/breast__xgboost__pso__seed1__mask.npy,results/final/artifacts/breast__xgboost__pso__seed1__convergence.npy
breast,xgboost,PSO,2,0.022701754385964973,0.9912280701754386,1.0,0.9761904761904762,0.9879518072289156,0.9957010582010581,16,20.175446025000383,0.08756173799974931,"[""radius_mean"", ""texture_mean"", ""area_mean"", ""smoothness_mean"", ""compactness_mean"", ""concavity_mean"", ""fractal_dimension_mean"", ""texture_se"", ""area_se"", ""compactness_se"", ""fractal_dimension_se"", ""texture_worst"", ""perimeter_worst"", ""area_worst"", ""compactness_worst"", ""fractal_dimension_worst""]",results/final/artifacts/breast__xgboost__pso__seed2__mask.npy,results/final/artifacts/breast__xgboost__pso__seed2__convergence.npy
breast,xgboost,PSO,3,0.020368421052631636,0.9736842105263158,1.0,0.9285714285714286,0.9629629629629629,0.9960317460317459,9,20.569066566999936,0.08780408999973588,"[""compactness_mean"", ""concavity_mean"", ""concave points_mean"", ""area_se"", ""concave points_se"", ""texture_worst"", ""area_worst"", ""concavity_worst"", ""fractal_dimension_worst""]",results/final/artifacts/breast__xgboost__pso__seed3__mask.npy,results/final/artifacts/breast__xgboost__pso__seed3__convergence.npy
breast,xgboost,PSO,4,0.020368421052631636,0.9736842105263158,0.975609756097561,0.9523809523809523,0.963855421686747,0.9884259259259259,9,20.672814902999562,0.0839170439994632,"[""perimeter_mean"", ""smoothness_mean"", ""concavity_mean"", ""fractal_dimension_mean"", ""area_se"", ""compactness_se"", ""fractal_dimension_se"", ""texture_worst"", ""concavity_worst""]",results/final/artifacts/breast__xgboost__pso__seed4__mask.npy,results/final/artifacts/breast__xgboost__pso__seed4__convergence.npy
heart,svm,PSO,0,0.11898913043478257,0.7934782608695652,0.8333333333333334,0.7843137254901961,0.8080808080808081,0.8854615016738403,15,4.524637069000164,0.022073823999562592,"[""chol"", ""thalch"", ""oldpeak"", ""ca"", ""sex_Female"", ""sex_Male"", ""cp_asymptomatic"", ""cp_atypical angina"", ""cp_typical angina"", ""fbs_True"", ""restecg_lv hypertrophy"", ""restecg_normal"", ""exang_True"", ""thal_normal"", ""thal_reversable defect""]",results/final/artifacts/heart__svm__pso__seed0__mask.npy,results/final/artifacts/heart__svm__pso__seed0__convergence.npy
heart,svm,PSO,1,0.11280869565217395,0.7934782608695652,0.826530612244898,0.7941176470588235,0.81,0.886776661884266,13,4.47190821500044,0.01989908399991691,"[""chol"", ""thalch"", ""oldpeak"", ""ca"", ""cp_asymptomatic"", ""cp_atypical angina"", ""cp_non-anginal"", ""restecg_st-t abnormality"", ""exang_False"", ""slope_flat"", ""slope_upsloping"", ""thal_fixed defect"", ""thal_reversable defect""]",results/final/artifacts/heart__svm__pso__seed1__mask.npy,results/final/artifacts/heart__svm__pso__seed1__convergence.npy
heart,svm,PSO,2,0.11280869565217395,0.7989130434782609,0.8494623655913979,0.7745098039215687,0.8102564102564103,0.8904830224772836,13,4.510227750000013,0.02210592400024325,"[""trestbps"", ""chol"", ""thalch"", ""oldpeak"", ""ca"", ""sex_Female"", ""cp_asymptomatic"", ""cp_non-anginal"", ""fbs_True"", ""restecg_normal"", ""exang_False"", ""slope_upsloping"", ""thal_normal""]",results/final/artifacts/heart__svm__pso__seed2__mask.npy,results/final/artifacts/heart__svm__pso__seed2__convergence.npy
heart,svm,PSO,3,0.11360869565217395,0.7934782608695652,0.826530612244898,0.7941176470588235,0.81,0.8852223816355811,15,4.496342202000051,0.02226602599967009,"[""trestbps"", ""chol"", ""thalch"", ""oldpeak"", ""ca"", ""cp_asymptomatic"", ""cp_atypical angina"", ""cp_non-anginal"", ""restecg_lv hypertrophy"", ""restecg_st-t abnormality"", ""exang_False"", ""slope_flat"", ""slope_upsloping"", ""thal_normal"", ""thal_reversable defect""]",results/final/artifacts/heart__svm__pso__seed3__mask.npy,results/final/artifacts/heart__svm__pso__seed3__convergence.npy
heart,svm,PSO,4,0.12316956521739128,0.7934782608695652,0.826530612244898,0.7941176470588235,0.81,0.8747010999521759,12,4.430398933000106,0.020312417000241112,"[""chol"", ""thalch"", ""oldpeak"", ""ca"", ""cp_asymptomatic"", ""cp_non-anginal"", ""cp_typical angina"", ""fbs_True"", ""restecg_normal"", ""exang_True"", ""thal_fixed defect"", ""thal_normal""]",results/final/artifacts/heart__svm__pso__seed4__mask.npy,results/final/artifacts/heart__svm__pso__seed4__convergence.npy
heart,random_forest,PSO,0,0.11818913043478257,0.7880434782608695,0.8181818181818182,0.7941176470588235,0.8059701492537313,0.8479196556671449,13,69.09377994100032,0.3155046060001041,"[""age"", ""chol"", ""oldpeak"", ""ca"", ""cp_asymptomatic"", ""cp_atypical angina"", ""fbs_True"", ""restecg_lv hypertrophy"", ""exang_False"", ""slope_downsloping"", ""thal_fixed defect"", ""thal_normal"", ""thal_reversable defect""]",results/final/artifacts/heart__random_forest__pso__seed0__mask.npy,results/final/artifacts/heart__random_forest__pso__seed0__convergence.npy
heart,random_forest,PSO,1,0.12018913043478258,0.7989130434782609,0.8421052631578947,0.7843137254901961,0.8121827411167513,0.8631635581061693,18,69.06484714999988,0.31861477399979776,"[""trestbps"", ""chol"", ""oldpeak"", ""ca"", ""sex_Female"", ""cp_asymptomatic"", ""cp_atypical angina"", ""cp_non-anginal"", ""cp_typical angina"", ""fbs_False"", ""restecg_st-t abnormality"", ""exang_False"", ""slope_downsloping"", ""slope_flat"", ""slope_upsloping"", ""thal_fixed defect"", ""thal_normal"", ""thal_reversable defect""]",results/final/artifacts/heart__random_forest__pso__seed1__mask.npy,results/final/artifacts/heart__random_forest__pso__seed1__convergence.npy
heart,random_forest,PSO,2,0.13015000000000002,0.7989130434782609,0.8282828282828283,0.803921568627451,0.8159203980099502,0.8791846006695361,16,69.08514587199988,0.3110405340003126,"[""trestbps"", ""thalch"", ""oldpeak"", ""ca"", ""sex_Female"", ""sex_Male"", ""cp_asymptomatic"", ""cp_atypical angina"", ""cp_typical angina"", ""fbs_True"", ""restecg_lv hypertrophy"", ""restecg_normal"", ""exang_False"", ""slope_flat"", ""slope_upsloping"", ""thal_normal""]",results/final/artifacts/heart__random_forest__pso__seed2__mask.npy,results/final/artifacts/heart__random_forest__pso__seed2__convergence.npy
heart,random_forest,PSO,3,0.12975,0.8097826086956522,0.8602150537634409,0.7843137254901961,0.8205128205128205,0.8800813008130081,15,68.95692285700079,0.30683773399960046,"[""trestbps"", ""chol"", ""thalch"", ""oldpeak"", ""ca"", ""sex_Female"", ""cp_asymptomatic"", ""cp_atypical angina"", ""cp_non-anginal"", ""fbs_False"", ""restecg_lv hypertrophy"", ""restecg_normal"", ""restecg_st-t abnormality"", ""thal_fixed defect"", ""thal_normal""]",results/final/artifacts/heart__random_forest__pso__seed3__mask.npy,results/final/artifacts/heart__random_forest__pso__seed3__convergence.npy
heart,random_forest,PSO,4,0.12935,0.8315217391304348,0.8736842105263158,0.8137254901960784,0.8426395939086294,0.8779890004782402,14,68.97207405900008,0.3241511489995901,"[""chol"", ""thalch"", ""oldpeak"", ""ca"", ""cp_asymptomatic"", ""fbs_False"", ""fbs_True"", ""restecg_lv hypertrophy"", ""restecg_normal"", ""exang_True"", ""slope_downsloping"", ""slope_flat"", ""thal_normal"", ""thal_reversable defect""]",results/final/artifacts/heart__random_forest__pso__seed4__mask.npy,results/final/artifacts/heart__random_forest__pso__seed4__convergence.npy
heart,xgboost,PSO,0,0.12356956521739129,0.7880434782608695,0.8315789473684211,0.7745098039215687,0.8020304568527918,0.8805595408895266,13,19.999352161000388,0.09006810000028054,"[""chol"", ""thalch"", ""oldpeak"", ""ca"", ""cp_asymptomatic"", ""cp_atypical angina"", ""cp_non-anginal"", ""fbs_False"", ""restecg_lv hypertrophy"", ""exang_True"", ""thal_fixed defect"", ""thal_normal"", ""thal_reversable defect""]",results/final/artifacts/heart__xgboost__pso__seed0__mask.npy,results/final/artifacts/heart__xgboost__pso__seed0__convergence.npy
heart,xgboost,PSO,1,0.1255695652173913,0.7880434782608695,0.8315789473684211,0.7745098039215687,0.8020304568527918,0.8939502630320421,18,20.14795582699935,0.09111984400078654,"[""age"", ""chol"", ""oldpeak"", ""ca"", ""sex_Male"", ""cp_asymptomatic"", ""cp_atypical angina"", ""cp_typical angina"", ""fbs_False"", ""fbs_True"", ""restecg_lv hypertrophy"", ""exang_True"", ""slope_downsloping"", ""slope_flat"", ""slope_upsloping"", ""thal_fixed defect"", ""thal_normal"", ""thal_reversable defect""]",results/final/artifacts/heart__xgboost__pso__seed1__mask.npy,results/final/artifacts/heart__xgboost__pso__seed1__convergence.npy
heart,xgboost,PSO,2,0.12436956521739129,0.7934782608695652,0.8404255319148937,0.7745098039215687,0.8061224489795918,0.8802008608321377,15,20.629725103000055,0.09386282000014035,"[""chol"", ""thalch"", ""oldpeak"", ""ca"", ""cp_asymptomatic"", ""cp_atypical angina"", ""cp_non-anginal"", ""fbs_True"", ""restecg_lv hypertrophy"", ""restecg_normal"", ""restecg_st-t abnormality"", ""exang_False"", ""exang_True"", ""thal_normal"", ""thal_reversable defect""]",results/final/artifacts/heart__xgboost__pso__seed2__mask.npy,results/final/artifacts/heart__xgboost__pso__seed2__convergence.npy
heart,xgboost,PSO,3,0.11858913043478257,0.7934782608695652,0.8555555555555555,0.7549019607843137,0.8020833333333334,0.8922764227642276,14,20.95856304100016,0.09524485699967045,"[""chol"", ""thalch"", ""oldpeak"", ""ca"", ""sex_Male"", ""cp_asymptomatic"", ""cp_atypical angina"", ""fbs_False"", ""restecg_st-t abnormality"", ""exang_False"", ""exang_True"", ""slope_downsloping"", ""slope_upsloping"", ""thal_normal""]",results/final/artifacts/heart__xgboost__pso__seed3__mask.npy,results/final/artifacts/heart__xgboost__pso__seed3__convergence.npy
heart,xgboost,PSO,4,0.12396956521739129,0.7717391304347826,0.8260869565217391,0.7450980392156863,0.7835051546391752,0.8868962219033955,14,21.058446723999623,0.09709670099982759,"[""chol"", ""thalch"", ""oldpeak"", ""sex_Female"", ""sex_Male"", ""cp_asymptomatic"", ""cp_non-anginal"", ""fbs_False"", ""fbs_True"", ""restecg_normal"", ""restecg_st-t abnormality"", ""exang_True"", ""slope_downsloping"", ""thal_normal""]",results/final/artifacts/heart__xgboost__pso__seed4__mask.npy,results/final/artifacts/heart__xgboost__pso__seed4__convergence.npy
